{"cameraMode":{"drawMode":0,"name":"Shaded","section":"Shading Mode"},"sceneLighting":false,"audioPlay":false,"sceneViewState":{"m_AlwaysRefresh":false,"showFog":true,"showSkybox":false,"showFlares":true,"showImageEffects":true,"showParticleSystems":true,"showVisualEffectGraphs":true,"m_FxEnabled":true},"in2DMode":false,"pivot":{"x":2.9802322387695315e-8,"y":0.28000009059906008,"z":12.880000114440918},"rotation":{"x":-0.06771684437990189,"y":0.3948698043823242,"z":-0.02919725887477398,"w":-0.9157791137695313},"size":0.6062209010124207,"orthographic":true}