{"cameraMode":{"drawMode":0,"name":"Shaded","section":"Shading Mode"},"sceneLighting":true,"audioPlay":false,"sceneViewState":{"m_AlwaysRefresh":false,"showFog":true,"showSkybox":true,"showFlares":true,"showImageEffects":true,"showParticleSystems":true,"showVisualEffectGraphs":true,"m_FxEnabled":true},"in2DMode":false,"pivot":{"x":7.4259490966796879,"y":2.0742416381835939,"z":-215.8356170654297},"rotation":{"x":-0.08304993808269501,"y":0.24610720574855805,"z":-0.021168068051338197,"w":-0.9654557704925537},"size":324.0149230957031,"orthographic":true}